<xml xmlns="http://www.w3.org/1999/xhtml">
  <variables>
    <variable type="" id="e+TX~!B(O3GoS|*L$wh2">t</variable>
    <variable type="" id="03dlMVcYV^G]pcMB8deu">b</variable>
    <variable type="" id="9k_~3Y$;Zy@:$nqu1GK,">a</variable>
    <variable type="" id="7U7ZO|8,luJ.UPT,+KhJ">x</variable>
    <variable type="" id="i],uw?{uQ_[Y2]`PAf*m">y</variable>
    <variable type="" id="yz[|Ifp90N?xI$4=.P.]">n</variable>
    <variable type="" id="#jmLdaY-Vz[ihtFTzE~f">tm</variable>
    <variable type="" id="zOR(lJ$f5C%RuX2+tasf">columnas</variable>
    <variable type="" id="TP_P82nMjOUz^2j]WK)8">tp</variable>
    <variable type="" id=",99hl{~9{;),YGnLRiZH">cnt</variable>
    <variable type="" id="v1A8F^KhB5P2{.@G2ZP{">bloques</variable>
  </variables>
  <block type="procedures_defnoreturn" id="vje1RRk]to_nZq*tdA:v" x="55" y="25">
    <mutation>
      <arg name="t" varid="e+TX~!B(O3GoS|*L$wh2"></arg>
      <arg name="b" varid="03dlMVcYV^G]pcMB8deu"></arg>
      <arg name="a" varid="9k_~3Y$;Zy@:$nqu1GK,"></arg>
    </mutation>
    <field name="NAME">Tope</field>
    <comment pinned="false" h="80" w="160">Describe this function...</comment>
    <statement name="STACK">
      <block type="controls_if" id="znNMO)XMkA^^Teg{s?Cy">
        <value name="IF0">
          <block type="logic_compare" id="A#p@DZd.m04Z|nul;/h/">
            <field name="OP">EQ</field>
            <value name="A">
              <block type="variables_get" id="h1Lf]NsyPL8xN*$V/086">
                <field name="VAR" id="TP_P82nMjOUz^2j]WK)8" variabletype="">tp</field>
              </block>
            </value>
            <value name="B">
              <block type="math_number" id="t]Sp*QKn(8t/@v,,Yyx9">
                <field name="NUM">1</field>
              </block>
            </value>
          </block>
        </value>
        <statement name="DO0">
          <block type="draw_pen" id="e0Q28Q]wCN4NU7j_LigA">
            <field name="PEN">penup</field>
            <next>
              <block type="goto" id="p;G#I]yCc:sb9jrVgJ^j">
                <value name="X">
                  <block type="variables_get" id="}]bTLmBhKzhO}`E/EQ;K">
                    <field name="VAR" id="9k_~3Y$;Zy@:$nqu1GK," variabletype="">a</field>
                  </block>
                </value>
                <value name="Y">
                  <block type="variables_get" id="yj!Da3BB_@1SW(.mQC[o">
                    <field name="VAR" id="03dlMVcYV^G]pcMB8deu" variabletype="">b</field>
                  </block>
                </value>
                <next>
                  <block type="draw_pen" id="N-5QdAOL@F|}_R^QomcR">
                    <field name="PEN">pendown</field>
                    <next>
                      <block type="controls_repeat_ext" id="TOx,ClREudYSkWKPRp#@">
                        <value name="TIMES">
                          <block type="math_number" id="})dzPB/V$tgIw8[+*=:y">
                            <field name="NUM">3</field>
                          </block>
                        </value>
                        <statement name="DO">
                          <block type="draw_move" id="f!$JUfj5}PgfZH},Wz!D">
                            <field name="DIR">forward</field>
                            <value name="VALUE">
                              <block type="variables_get" id="p~!%]b/URh,LRptuUJhl">
                                <field name="VAR" id="e+TX~!B(O3GoS|*L$wh2" variabletype="">t</field>
                              </block>
                            </value>
                            <next>
                              <block type="draw_turn" id="J#Iu4F:^$YhkIazd|Gau">
                                <field name="DIR">left</field>
                                <value name="VALUE">
                                  <block type="math_number" id="KOY[g2KSJ.r5F.%@b/iK">
                                    <field name="NUM">120</field>
                                  </block>
                                </value>
                              </block>
                            </next>
                          </block>
                        </statement>
                      </block>
                    </next>
                  </block>
                </next>
              </block>
            </next>
          </block>
        </statement>
      </block>
    </statement>
  </block>
  <block type="procedures_defnoreturn" id="kM*RWjUXJ[0Ic,D|7`_|" x="401" y="32">
    <mutation>
      <arg name="x" varid="7U7ZO|8,luJ.UPT,+KhJ"></arg>
      <arg name="y" varid="i],uw?{uQ_[Y2]`PAf*m"></arg>
      <arg name="n" varid="yz[|Ifp90N?xI$4=.P.]"></arg>
    </mutation>
    <field name="NAME">Cuadrado</field>
    <comment pinned="false" h="80" w="160">Describe this function...</comment>
    <statement name="STACK">
      <block type="draw_pen" id="}lH?nm^BaL}0pdRO-;Ro">
        <field name="PEN">penup</field>
        <next>
          <block type="goto" id="Y}+Yo:*te{Na,9r=G0XD">
            <value name="X">
              <block type="variables_get" id="fLJ4Y*J]7mz?yFR:$Sje">
                <field name="VAR" id="7U7ZO|8,luJ.UPT,+KhJ" variabletype="">x</field>
              </block>
            </value>
            <value name="Y">
              <block type="variables_get" id="tQc#(eKKU64PE[E{AL*l">
                <field name="VAR" id="i],uw?{uQ_[Y2]`PAf*m" variabletype="">y</field>
              </block>
            </value>
            <next>
              <block type="draw_pen" id="$Du}9,oXgfp7wWiV!WsX">
                <field name="PEN">pendown</field>
                <next>
                  <block type="controls_repeat_ext" id="x=zdF^Puc|)KVv1;xY+L">
                    <value name="TIMES">
                      <block type="math_number" id="[/v8H-k`yi?#r;I%)Tz;">
                        <field name="NUM">4</field>
                      </block>
                    </value>
                    <statement name="DO">
                      <block type="draw_move" id="?mmbrG6{8F-jdSr+^E|=">
                        <field name="DIR">forward</field>
                        <value name="VALUE">
                          <block type="variables_get" id=";wd%Yn;TcPts*Lq5y,H3">
                            <field name="VAR" id="yz[|Ifp90N?xI$4=.P.]" variabletype="">n</field>
                          </block>
                        </value>
                        <next>
                          <block type="draw_turn" id="F#zo6ZOz$$kb(v2Nn1Rj">
                            <field name="DIR">right</field>
                            <value name="VALUE">
                              <block type="math_number" id="_xYh?.eN7]GP2V|JbSVu">
                                <field name="NUM">90</field>
                              </block>
                            </value>
                          </block>
                        </next>
                      </block>
                    </statement>
                  </block>
                </next>
              </block>
            </next>
          </block>
        </next>
      </block>
    </statement>
  </block>
  <block type="text_print" id="Gfxh|Ga`#odJ/K$}=c+(" x="56" y="363">
    <value name="TEXT">
      <block type="text" id="05ojGLU0*wTOBz%r(ASY">
        <field name="TEXT">BIENVENIDO AL BLOQUE DE CONSTRUCCION DE KIWI</field>
      </block>
    </value>
    <next>
      <block type="variables_set" id="=f!{]n)e%!j{1O2i.6p{">
        <field name="VAR" id="#jmLdaY-Vz[ihtFTzE~f" variabletype="">tm</field>
        <value name="VALUE">
          <block type="text_prompt" id="DPp9m#gYj8Zwq7S,gyv`">
            <mutation type="NUMBER"></mutation>
            <field name="TYPE">NUMBER</field>
            <field name="TEXT">Ingrese tamaño del bloque=</field>
          </block>
        </value>
        <next>
          <block type="variables_set" id="Zs$dNKVK@#j*UpYCXg/p">
            <field name="VAR" id="zOR(lJ$f5C%RuX2+tasf" variabletype="">columnas</field>
            <value name="VALUE">
              <block type="text_prompt" id="cBMsg~}1Z#VO!=T]UvTg">
                <mutation type="NUMBER"></mutation>
                <field name="TYPE">NUMBER</field>
                <field name="TEXT">Ingrese cantidad de columnas=</field>
              </block>
            </value>
            <next>
              <block type="variables_set" id="?,KCWYD`=^aX(m];_2/W">
                <field name="VAR" id="7U7ZO|8,luJ.UPT,+KhJ" variabletype="">x</field>
                <value name="VALUE">
                  <block type="math_number" id="BQw*i[fNYDO[XtB8$L;Z">
                    <field name="NUM">-200</field>
                  </block>
                </value>
                <next>
                  <block type="variables_set" id="U^qy|1NtITR{2S/Tu#``">
                    <field name="VAR" id="i],uw?{uQ_[Y2]`PAf*m" variabletype="">y</field>
                    <value name="VALUE">
                      <block type="math_number" id="c|MHp!QG4.NAR}Vsn4us">
                        <field name="NUM">-200</field>
                      </block>
                    </value>
                    <next>
                      <block type="variables_set" id="#+]dn])I=|ojZwj,8+!3">
                        <field name="VAR" id="TP_P82nMjOUz^2j]WK)8" variabletype="">tp</field>
                        <value name="VALUE">
                          <block type="math_number" id="a3F[h$f)LO-.I`o4wr{)">
                            <field name="NUM">0</field>
                          </block>
                        </value>
                        <next>
                          <block type="variables_set" id="m^,oB*T)Fy)EKJv@F-1`">
                            <field name="VAR" id=",99hl{~9{;),YGnLRiZH" variabletype="">cnt</field>
                            <value name="VALUE">
                              <block type="math_number" id="(Q|IJF(Q71a3Us*b~E0=">
                                <field name="NUM">1</field>
                              </block>
                            </value>
                            <next>
                              <block type="controls_repeat_ext" id="%~b[+L9Se.:6U/v_rIWR">
                                <value name="TIMES">
                                  <block type="variables_get" id="),EHTCW5Eb+liC~[FD@d">
                                    <field name="VAR" id="zOR(lJ$f5C%RuX2+tasf" variabletype="">columnas</field>
                                  </block>
                                </value>
                                <statement name="DO">
                                  <block type="variables_set" id="rT%OS]#;waE=*|}BDLD1">
                                    <field name="VAR" id="v1A8F^KhB5P2{.@G2ZP{" variabletype="">bloques</field>
                                    <value name="VALUE">
                                      <block type="text_prompt_ext" id="Z8mlGT!:3j42SGHavX8R">
                                        <mutation type="NUMBER"></mutation>
                                        <field name="TYPE">NUMBER</field>
                                        <value name="TEXT">
                                          <block type="text_join" id="MTQW+]7l!o}W81rB0Z,0">
                                            <mutation items="3"></mutation>
                                            <value name="ADD0">
                                              <block type="text" id="*MIU0bz#+vfnEXiP{)hH">
                                                <field name="TEXT">Ingrese cantidad de bloques de la columna </field>
                                              </block>
                                            </value>
                                            <value name="ADD1">
                                              <block type="variables_get" id="X)Ueo?%V8[oG1$Uw-3d6">
                                                <field name="VAR" id=",99hl{~9{;),YGnLRiZH" variabletype="">cnt</field>
                                              </block>
                                            </value>
                                            <value name="ADD2">
                                              <block type="text" id="%k~n~+P.ta%[Q9K{c@aJ">
                                                <field name="TEXT">=</field>
                                              </block>
                                            </value>
                                          </block>
                                        </value>
                                      </block>
                                    </value>
                                    <next>
                                      <block type="variables_set" id="X4R,t9rS3oeY9XG:uFqj">
                                        <field name="VAR" id=",99hl{~9{;),YGnLRiZH" variabletype="">cnt</field>
                                        <value name="VALUE">
                                          <block type="math_arithmetic" id="~;`a+|^jrDZmo%ey|-Ka">
                                            <field name="OP">ADD</field>
                                            <value name="A">
                                              <block type="variables_get" id="+qw/6lUUOi_GUphXppxC">
                                                <field name="VAR" id=",99hl{~9{;),YGnLRiZH" variabletype="">cnt</field>
                                              </block>
                                            </value>
                                            <value name="B">
                                              <block type="math_number" id="%KBPs(8^qsuQi0t/?~`a">
                                                <field name="NUM">1</field>
                                              </block>
                                            </value>
                                          </block>
                                        </value>
                                        <next>
                                          <block type="controls_repeat_ext" id="S,*j?g$93rd@9(G]$5c,">
                                            <value name="TIMES">
                                              <block type="variables_get" id="C,DN4]n%RTUQpp,ki@Y5">
                                                <field name="VAR" id="v1A8F^KhB5P2{.@G2ZP{" variabletype="">bloques</field>
                                              </block>
                                            </value>
                                            <statement name="DO">
                                              <block type="procedures_callnoreturn" id="iKJEswIi~p1Ow8o+P9U7">
                                                <mutation name="Cuadrado">
                                                  <arg name="x"></arg>
                                                  <arg name="y"></arg>
                                                  <arg name="n"></arg>
                                                </mutation>
                                                <value name="ARG0">
                                                  <block type="math_arithmetic" id="zF)ux:xz-K;dDZImch/L">
                                                    <field name="OP">ADD</field>
                                                    <value name="A">
                                                      <block type="variables_get" id="^o/AlHr*6#cZbFnKP]P.">
                                                        <field name="VAR" id="7U7ZO|8,luJ.UPT,+KhJ" variabletype="">x</field>
                                                      </block>
                                                    </value>
                                                    <value name="B">
                                                      <block type="variables_get" id="7gc-W:W01nF|TkiY|e/0">
                                                        <field name="VAR" id="#jmLdaY-Vz[ihtFTzE~f" variabletype="">tm</field>
                                                      </block>
                                                    </value>
                                                  </block>
                                                </value>
                                                <value name="ARG1">
                                                  <block type="math_arithmetic" id="V%@pR{)F/w-PEeskzK8Y">
                                                    <field name="OP">ADD</field>
                                                    <value name="A">
                                                      <block type="variables_get" id="J2(iFv4i:*]w:*4a4-gP">
                                                        <field name="VAR" id="i],uw?{uQ_[Y2]`PAf*m" variabletype="">y</field>
                                                      </block>
                                                    </value>
                                                    <value name="B">
                                                      <block type="variables_get" id="$]s*URgA2n$lxP9IL46j">
                                                        <field name="VAR" id="#jmLdaY-Vz[ihtFTzE~f" variabletype="">tm</field>
                                                      </block>
                                                    </value>
                                                  </block>
                                                </value>
                                                <value name="ARG2">
                                                  <block type="variables_get" id="}8djFRrv,BR,zZ[Ehu^j">
                                                    <field name="VAR" id="#jmLdaY-Vz[ihtFTzE~f" variabletype="">tm</field>
                                                  </block>
                                                </value>
                                                <next>
                                                  <block type="variables_set" id="hLOqsy:Khbm[nOr;M~;(">
                                                    <field name="VAR" id="i],uw?{uQ_[Y2]`PAf*m" variabletype="">y</field>
                                                    <value name="VALUE">
                                                      <block type="math_arithmetic" id="7L-yEGNxcM}}lY1M38$c">
                                                        <field name="OP">ADD</field>
                                                        <value name="A">
                                                          <block type="variables_get" id="K!O?{iN`,W,jqgKxXSkY">
                                                            <field name="VAR" id="i],uw?{uQ_[Y2]`PAf*m" variabletype="">y</field>
                                                          </block>
                                                        </value>
                                                        <value name="B">
                                                          <block type="variables_get" id="F8.ti?`L61j41Zha-c==">
                                                            <field name="VAR" id="#jmLdaY-Vz[ihtFTzE~f" variabletype="">tm</field>
                                                          </block>
                                                        </value>
                                                      </block>
                                                    </value>
                                                  </block>
                                                </next>
                                              </block>
                                            </statement>
                                            <next>
                                              <block type="variables_set" id="mEGd]w76_i4b1*W_!xwG">
                                                <field name="VAR" id="TP_P82nMjOUz^2j]WK)8" variabletype="">tp</field>
                                                <value name="VALUE">
                                                  <block type="text_prompt" id=".es=%0N]1BeBY(Q@+kC-">
                                                    <mutation type="NUMBER"></mutation>
                                                    <field name="TYPE">NUMBER</field>
                                                    <field name="TEXT">Ingrese "1" para poner tope en columna=</field>
                                                  </block>
                                                </value>
                                                <next>
                                                  <block type="procedures_callnoreturn" id="NLJQK0.4ta%GaSQSF4VK">
                                                    <mutation name="Tope">
                                                      <arg name="t"></arg>
                                                      <arg name="b"></arg>
                                                      <arg name="a"></arg>
                                                    </mutation>
                                                    <value name="ARG0">
                                                      <block type="variables_get" id="[~us9hGPJIlh9GzCY6+.">
                                                        <field name="VAR" id="#jmLdaY-Vz[ihtFTzE~f" variabletype="">tm</field>
                                                      </block>
                                                    </value>
                                                    <value name="ARG1">
                                                      <block type="variables_get" id="GjGQHlq@B=Du#HO7%BQM">
                                                        <field name="VAR" id="i],uw?{uQ_[Y2]`PAf*m" variabletype="">y</field>
                                                      </block>
                                                    </value>
                                                    <value name="ARG2">
                                                      <block type="math_arithmetic" id="^RY}xWk]!k+FjHRof,Fa">
                                                        <field name="OP">ADD</field>
                                                        <value name="A">
                                                          <block type="variables_get" id="K=/.nG=lbVGanm36%{Fi">
                                                            <field name="VAR" id="7U7ZO|8,luJ.UPT,+KhJ" variabletype="">x</field>
                                                          </block>
                                                        </value>
                                                        <value name="B">
                                                          <block type="variables_get" id="OW3$Rpo408UbIL)C%9wJ">
                                                            <field name="VAR" id="#jmLdaY-Vz[ihtFTzE~f" variabletype="">tm</field>
                                                          </block>
                                                        </value>
                                                      </block>
                                                    </value>
                                                    <next>
                                                      <block type="variables_set" id="%%uEpJ{7F5/Z=6P#()y0">
                                                        <field name="VAR" id="i],uw?{uQ_[Y2]`PAf*m" variabletype="">y</field>
                                                        <value name="VALUE">
                                                          <block type="math_number" id="|N[kjzo!VjF0^r@$q%Ig">
                                                            <field name="NUM">-200</field>
                                                          </block>
                                                        </value>
                                                        <next>
                                                          <block type="variables_set" id="|!+/H!h`y4M|Nv`m2|?d">
                                                            <field name="VAR" id="7U7ZO|8,luJ.UPT,+KhJ" variabletype="">x</field>
                                                            <value name="VALUE">
                                                              <block type="math_arithmetic" id="}i;Ax@Zlfu1uJI.sGs?K">
                                                                <field name="OP">ADD</field>
                                                                <value name="A">
                                                                  <block type="variables_get" id="@VuY:t+t@9HRpf5rRuHD">
                                                                    <field name="VAR" id="7U7ZO|8,luJ.UPT,+KhJ" variabletype="">x</field>
                                                                  </block>
                                                                </value>
                                                                <value name="B">
                                                                  <block type="variables_get" id="%X@=~Z;s+)-(2yHk*n_M">
                                                                    <field name="VAR" id="#jmLdaY-Vz[ihtFTzE~f" variabletype="">tm</field>
                                                                  </block>
                                                                </value>
                                                              </block>
                                                            </value>
                                                          </block>
                                                        </next>
                                                      </block>
                                                    </next>
                                                  </block>
                                                </next>
                                              </block>
                                            </next>
                                          </block>
                                        </next>
                                      </block>
                                    </next>
                                  </block>
                                </statement>
                                <next>
                                  <block type="text_print" id="sMZ#cBI*DR`Jzc|yw{U*">
                                    <value name="TEXT">
                                      <block type="text" id="8c%,WbU%no/;?8[ccx:m">
                                        <field name="TEXT">KIWI HA TERMINADO DE CONSTRUIR</field>
                                      </block>
                                    </value>
                                  </block>
                                </next>
                              </block>
                            </next>
                          </block>
                        </next>
                      </block>
                    </next>
                  </block>
                </next>
              </block>
            </next>
          </block>
        </next>
      </block>
    </next>
  </block>
</xml>